 ,totalmomsthisphase,died7,numdied,morbid,duration,csection,complicbefore,anemia,pairname,arm,referredout,literacy,highincome,factype,distance,numstaff,supplies,meds,baage,balasttrained,balasttrainedln,baexperience,baexperienceln,batrained,batypes,bascheduledbin,baobc,nurseonlybin,anmonlybin,anydocbin,scheduled,obc,meangravidaln,complicbeforeln,anemialn,csectionln,age35plus,ageunder25,died0sbrbaseline,meangravida,lucknow,anymatmort
100,1397,0.067663818,67.66381766,0.106657122,184.9460076,0,0,0.00071736,P2-P9,0,0.021337127,0.59,0,1,55,4,16.2,1.6,39.66666667,6.333333333,1.84582669,13.36111111,2.592348332,1,2,0,0,1,0,1,0.423049392,0.31424481,0.801503205,-7.60090246,-7.239932591,-7.60090246,0.050143266,0.365329513,0.036916395,2.228888889,1,0
101,1029,0.061895551,61.89555126,0.068093385,119.1537545,0,0.022110553,0.016080402,P2-P8,1,0.054158607,0.59,0,1,30,5,20.8,2.2,37.4,3.75,1.32175584,7.8,2.054123734,0.8,2,0,0.4,0,0,1,0.272108844,0.481049563,0.819131368,-3.811700284,-4.130154015,-7.60090246,0.016585366,0.231219512,0.04873477,2.268528464,1,1
102,1780,0.049637479,49.63747909,0.088251827,278.0438389,0,0.012359551,0.002247191,P2-P13,0,0.031790296,0.59,0,2,30,6,21.2,2.4,39.4,5.5,1.704748092,9.583333333,2.260025479,0.4,2,1,0.6,1,0,1,0.296629213,0.336516854,,-4.39332619,-6.098074282,-7.60090246,0.017987634,0.465430017,0.021459227,,1,1
110,1602,0.05259901,52.5990099,0.184259838,227.1547965,0,0.063085572,0.078076202,P2-P6,1,0.150371287,0.471,0,2,20,5,19.8,2.6,41.28571429,9,2.197224577,13.64285714,2.613216098,0.142857143,4,1,0.142857143,1,0,0,0.104868914,0.212234707,,-2.763263196,-2.550069976,-7.60090246,0.027465668,0.334581773,,,1,1
111,1813,0.056192035,56.19203492,0.219458264,145.5877863,0,0.125827815,0.033112583,P2-P10,1,0.199018539,0.471,0,2,25,4,23.4,2.6,37.8,,,10.8,2.379546134,0,2,0,0.8,1,0,0,0.022614451,0.165471594,0.920825887,-2.072840858,-3.407841924,-7.60090246,0.016013252,0.309221425,0.019214703,2.511363636,1,1
120,1199,0.027295285,27.29528536,0.095913261,230.4449378,0.01187447,0.02173913,0.004180602,P2-P6,0,0.050454921,0.751,1,2,22,6,21.4,2.6,40.625,3.166666667,1.15267951,13.25,2.583997552,0.75,3,1,0.625,1,0,1,0.369256475,0.355054302,0.82459485,-3.828641396,-5.477300022,-4.433364571,0.01754386,0.390142022,0.012627781,2.280956447,1,0
121,1310,0.034220532,34.22053232,0.142748092,205.168277,0.00311042,0.016706444,0.002386635,P2-P10,0,0.033460076,0.751,1,2,25,5,19.8,2.6,40,3.25,1.178654996,10.03787879,2.306365816,0.363636364,4,1,0.363636364,0,0,1,0.280152672,0.326717557,0.76506617,-4.091960771,-6.03787092,-5.772997544,0.026799387,0.290199081,0.015377222,2.149136578,1,0
122,1438,0.035961272,35.96127248,0.102992345,341.0080823,0.000712758,0.011453114,0.007158196,P2-P12,0,0.046896552,0.751,1,2,35,4,21,3,36.14285714,3,1.098612289,11.57142857,2.448539006,0.8,4,1,0.714285714,1,0,1,0.490959666,0.337273992,0.79739442,-4.469493637,-4.939497266,-7.24636808,0.01184669,0.416724739,0.008143322,2.219749652,1,0
123,2077,0.034433286,34.43328551,0.079074253,169.865642,0.014720314,0.026867628,0.019003932,P3-P32,1,0.094691535,0.751,1,2,30,4,23.4,3.2,35.57142857,4,1.386294361,8,2.079441542,1,3,0,0.428571429,1,0,1,0.348098219,0.448724121,0.753540187,-3.616833145,-3.963109382,-4.218526832,0.024509804,0.444607843,0.016745384,2.124507874,1,1
124,1250,0.038919778,38.9197776,0.121892542,225.3307224,0.000831255,0.017713366,0.005636071,P2-P13,1,0.055599682,0.751,1,2,40,5,20.6,2.4,41,5.666666667,1.734601055,11.44444444,2.437504411,0.5,1,1,0.333333333,1,0,1,0.411529223,0.333066453,0.799431706,-4.033435809,-5.178568113,-7.092573716,0.031476998,0.340597256,0.012550201,2.224276527,1,1
131,1286,0.057364341,57.36434109,0.150428683,271.3412698,0,0.090342679,0.015576324,P3-P36,1,0.120930233,0.563,0,1,20,3,21.8,3.4,36,1.5,0.405465108,11.14285714,2.410798678,0.285714286,2,0,0.571428571,1,0,0,0.369362364,0.395800933,0.781350216,-2.404145293,-4.162003211,-7.60090246,0.029733959,0.454616588,0.019623234,2.184419714,1,1
132,1297,0.066666667,66.66666667,0.135030864,191.4160584,0,0.049206349,0.031746032,P2-P5,1,0.153139357,0.563,0,2,11,4,21.6,3.2,29.66666667,4,1.386294361,4.333333333,1.466337069,0.666666667,1,1,0.666666667,1,0,1,0.3384734,0.457208944,0.812638159,-3.011732615,-3.449987546,-7.60090246,0.040310078,0.270542636,,2.253846154,1,1
133,1213,0.061324612,61.32461161,0.129644922,190.0401506,0,0.030025021,0.003336113,P2-P5,0,0.049877351,0.563,0,2,20,4,23.8,2.8,32.4,3.666666667,1.299282984,6.433333333,1.861492807,0.8,3,1,0.2,1,0,0,0.420445177,0.37510305,0.883557405,-3.505724217,-5.702948794,-7.60090246,0.029686175,0.332485157,,2.419491525,1,1
134,931,0.062699256,62.69925611,0.149462366,243.7312073,0,0.029032258,0.020430108,P3-P32,0,0.062699256,0.563,0,2,18,3,21.2,3.2,39.88888889,3.8,1.335001067,15.88888889,2.765620053,0.625,4,1,0.333333333,1,0,1,0.396348013,0.450053706,0.87933096,-3.53934772,-3.890745607,-7.60090246,0.021857923,0.326775956,0.019573978,2.409287257,1,1
141,645,0.043410853,43.41085271,0.086956522,220.3360656,0,0.001607717,0,P2-P12,1,0.061823802,0.583,0,2,30,5,20.2,1.8,47.83333333,3,1.098612289,22.16666667,3.098589659,0.333333333,4,0,0.333333333,0,1,0,0.255813953,0.437209302,0.779888834,-6.432940093,-7.60090246,-7.60090246,0.040310078,0.443410853,0.01659751,2.181229773,1,1
142,1228,0.05811138,58.11138015,0.140179299,248.063388,0,0.026058632,0.021986971,P2-P7,1,0.110573043,0.583,0,3,42,6,19.8,1.2,39.25,2,0.693147181,8.333333333,2.120263536,0.25,3,0,0.5,1,0,0,0.321661238,0.438110749,0.813745342,-3.647406206,-3.817305243,-7.60090246,0.005342832,0.366874443,0.043782837,2.256342957,1,1
143,1311,0.052352049,52.35204856,0.079328757,339.5979463,0,0.001545595,0.000772798,P2-P9,1,0.021228203,0.583,0,1,19,3,21.4,2,44.6,1.5,0.405465108,21.2,3.054001182,0.4,4,0,0.4,0,1,0,0.257055683,0.256292906,0.752517476,-6.472346295,-7.165493475,-7.60090246,0.005339436,0.377574371,0.016517225,2.122336227,1,0
150,1452,0.067901235,67.90123457,0.126468556,184.2313625,0,0.006915629,0.004149378,P2-P11,0,0.024691358,0.568,0,1,50,5,18.6,2,32.66666667,,,5.666666667,1.734601055,0,1,0,0.666666667,1,0,1,0.533057851,0.320936639,0.899071856,-4.97397131,-5.484796933,-7.60090246,0.060041408,0.327122153,,2.457321305,1,1
151,1419,0.059440559,59.44055944,0.144467935,242.8227961,0,0.017655367,0.014124294,P2-P8,0,0.059440559,0.568,0,1,30,5,19.4,2.2,37,9,2.197224577,7.883333333,2.064750826,0.2,4,1,0.6,1,0,0,0.388575458,0.415373766,0.665319961,-4.036715449,-4.259859001,-7.60090246,0.025843503,0.407035176,0.017556693,1.945112782,1,0
152,1280,0.053488372,53.48837209,0.153605016,247.8437936,0,0.019215372,0.002401922,P2-P11,1,0.054263566,0.568,0,1,60,5,21.2,2.6,38.8,4,1.386294361,9.8,2.282382386,0.4,2,0,1,1,0,0,0.2703125,0.459375,0.920886984,-3.95204468,-6.031486221,-7.60090246,0.039093041,0.345582486,,2.511517077,1,1
153,1838,0.048622366,48.62236629,0.094175286,170.9716914,0,0.000552181,0,P2-P7,0,0.007563479,0.568,0,3,45,5,19,2,36,5,1.609437912,7,1.945910149,0.1,3,1,0.4,0,0,1,0.519586507,0.276387378,0.797546752,-7.501634458,-7.60090246,-7.60090246,0.013601741,0.395538629,0.001036269,2.220087816,1,0
154,1460,0.049626105,49.62610469,0.120962199,240.5349265,0,0.038594073,0.022742936,P2-P14,1,0.036029912,0.568,0,2,35,3,19,1.6,33.2,3,1.098612289,5.2,1.648658626,0.4,3,0,0.4,1,0,1,0.392465753,0.305479452,0.847603718,-3.254656562,-3.783500691,-7.60090246,0.022649279,0.415236788,0.019230769,2.334047109,1,1
156,1174,0.064189189,64.18918919,0.119453925,214.6328556,0,0.011073254,0,P2-P14,0,0.0092827,0.568,0,2,32,3,19,2,40,3,1.098612289,12.95238095,2.561279629,0.333333333,4,1,0.428571429,0,0,1,0.329642249,0.462521295,0.784730359,-4.503222643,-7.60090246,-7.60090246,0.030742955,0.437233134,0.001910828,2.191815857,1,1
161,845,0.04,40,0.105325444,167.4928479,0,0.052631579,0.005980861,P3-P34,1,0.094117647,0.568,0,1,22,5,24,4,34.75,,,4.75,1.558144618,0,1,1,0.75,1,0,0,0.386982249,0.481656805,0.887160062,-2.944438979,-5.119190701,-7.60090246,0.022485207,0.398816568,0.021777003,2.428223844,1,0
162,702,0.105932203,105.9322034,0.204285714,167.805638,0,0.005698006,0.002849003,P3-P37,0,0.036723164,0.568,0,1,42,5,20,3,34.8,6,1.791759469,8.6,2.151762203,0.4,2,1,0.8,0,0,1,0.297720798,0.585470085,0.858637019,-5.167639043,-5.860786223,-7.60090246,0.007132668,0.350927247,0.020128088,2.359941945,1,1
163,949,0.052687039,52.68703899,0.197257384,232.6139169,0,0.016859852,0,P3-P36,0,0.050526316,0.568,0,1,54,4,21,4,37,6,1.791759469,11.25,2.420368129,0.125,4,1,0.5,1,0,1,0.322444679,0.552160169,0.751864254,-4.082820076,-7.60090246,-7.60090246,0.03907075,0.417106653,0.01459854,2.120950324,1,1
164,709,0.044692737,44.69273743,0.090267983,272.5542348,0,0.012711864,0.004237288,P3-P34,0,0.023743017,0.568,0,1,14,5,21,3.6,35.75,,,4.5,1.504077397,0.25,3,0,0.5,1,0,1,0.274011299,0.601694915,0.832473624,-4.365219516,-5.463831805,-7.60090246,0.011283498,0.527503526,0.011818182,2.298998569,1,0
165,510,0.035087719,35.0877193,0.154901961,328.9896694,0,0.023575639,0.001964637,P3-P37,1,0.038986355,0.568,0,1,55,5,24,3.6,34.5,5.5,1.704748092,9.166666667,2.215573716,0.333333333,4,1,0.333333333,0,0,0,0.349019608,0.482352941,0.729766809,-3.747541367,-6.232448017,-7.60090246,0.021611002,0.412573674,0.015306122,2.074596774,1,0
200,1727,0.078690408,78.69040781,0.180974478,176.3907692,0,0.006395349,0.002906977,P2-P1,1,0.039586919,0.532,0,1,18,5,22.8,3,35.83333333,4.75,1.558144618,5.583333333,1.71978597,0.666666667,1,0,0.833333333,1,0,1,0.535031847,0.306890562,0.916290732,-5.052184297,-5.840641657,-7.60090246,0.04342791,0.347423277,,2.5,1,1
201,1609,0.038936959,38.93695921,0.148631841,256.4864489,0,0.022401991,0.009956441,P2-P3,0,0.064894932,0.532,0,2,55,6,23.4,4,31.4,4,1.386294361,3.9,1.360976553,0.2,1,1,0.8,1,0,1,0.321317589,0.515226849,0.931860057,-3.798605427,-4.609535643,-7.60090246,0.0373599,0.346201743,0.014931087,2.539227895,1,1
202,1874,0.074406332,74.40633245,0.207043757,168.6767338,0,0.022945571,0.003201708,P2-P4,1,0.044831224,0.532,0,2,32,4,22,3.2,29.8,8,2.079441542,4.583333333,1.522426535,0.2,3,0,0.6,1,0,1,0.163820704,0.681963714,0.81886066,-3.774630347,-5.744070994,-7.60090246,0.028815368,0.420490928,0.027993779,2.267914439,1,0
203,1251,0.088959492,88.95949166,0.199840128,171.2375737,0,0.001602564,0.00400641,P2-P15,0,0.029318542,0.532,0,2,50,4,21.6,3.6,38.5,7.5,2.014903021,8.833333333,2.178532444,0.333333333,3,1,0.833333333,1,0,0,0.353317346,0.440447642,0.868986274,-6.436150368,-5.519859636,-7.60090246,0.04340836,0.3914791,0.023639362,2.384492406,1,0
205,1346,0.045722714,45.72271386,0.157503715,239.7003257,0.039304611,0.05423477,0.006686478,P2-P15,1,0.024336283,0.532,0,3,30,3,26.4,3.6,38.83333333,9,2.197224577,7.333333333,1.992430165,0.166666667,3,1,0.5,0,0,1,0.252600297,0.584695394,0.928925608,-2.914433069,-5.007667933,-3.236413446,0.049777117,0.343982169,0.021006351,2.531787584,1,0
210,2207,0.091235955,91.23595506,0.24568574,271.9764223,0,0.078196872,0.009199632,P2-P2,1,0.159478886,0.504,0,2,15,4,24.2,3.8,36.5,3,1.098612289,4,1.386294361,0.25,1,1,0.5,1,0,0,0.370185773,0.236973267,0.890462016,-2.548525631,-4.688591794,-7.60090246,0.014527845,0.451331719,0.023118958,2.43625498,1,1
212,2166,0.06608536,66.08536026,0.166512488,137.7083333,0.002872188,0.034674064,0.013869626,P2-P3,1,0.043577982,0.504,0,3,35,7,23.6,3.8,34.875,6.666666667,1.897119985,10.25,2.327277706,0.375,3,1,0.125,1,0,1,0.317636196,0.374422899,0.811727728,-3.361763312,-4.278054044,-5.852681292,0.012115564,0.356011184,0.019614591,2.251795117,1,1
213,1227,0.096122779,96.12277868,0.328711256,217.4310662,0,0.07101569,0.007431874,P2-P2,0,0.085621971,0.504,0,2,45,5,23.2,3.6,29.25,4,1.386294361,3.75,1.32175584,0.25,1,1,0.5,1,0,1,0.224123879,0.388753056,0.980359218,-2.644854447,-4.901977166,-7.60090246,0.036440678,0.331355932,0.023517382,2.665413534,1,1
220,2159,0.053743684,53.74368397,0.234447539,214.5585805,0,0.015769944,0.006957328,P2-P4,0,0.029830197,0.507,0,2,25,3,23.6,4,34.625,3,1.098612289,10.73809524,2.373797721,0.142857143,4,1,0.285714286,1,0,0,0.388605836,0.454840204,0.968506822,-4.149649407,-4.967959731,-7.60090246,0.099721707,0.310296846,0.023864511,2.634008479,1,1
223,1306,0.065498858,65.49885758,0.293169609,303.2290196,0,0.005372218,0.00076746,P2-P1,0,0.01980198,0.507,0,1,34,5,23.2,3.8,35.57142857,3,1.098612289,5.44047619,1.693866592,0.142857143,4,1,0.571428571,1,0,0,0.450229709,0.477794793,1.008580413,-5.226514428,-7.172424577,-7.60090246,0.026033691,0.296324655,0.036439355,2.741706161,1,1
300,1340,0.063703704,63.7037037,0.114179104,171.9823213,0.002245509,0.003731343,0,P3-P44,1,0.007407407,0.609,0,2,14,3,23,3.2,44.33333333,3,1.098612289,14.33333333,2.662587827,1,1,1,0,1,0,1,0.435820896,0.420895522,,-5.590986981,-7.60090246,-6.098823065,0.011940299,0.296268657,0.028337875,,0,0
301,1573,0.04045512,40.4551201,0.116973935,135.3895232,0,0.001907184,0,P3-P50,1,0.006321113,0.609,0,2,32,3,19,1.8,43.8,4.75,1.558144618,12.6,2.533696814,0.8,1,1,0.4,1,0,0,0.356643357,0.567705022,0.865695226,-6.262127614,-7.60090246,-7.60090246,0.010171647,0.214876033,,2.376657825,0,0
302,1503,0.033046927,33.04692664,0.070525615,206.4849521,0,0.006662225,0.006662225,P3-P44,0,0.018506279,0.609,0,2,29,4,20.8,1.4,44.4,6.5,1.871802177,15.4,2.734367509,0.8,2,1,0.2,1,0,1,0.262491672,0.610926049,0.761942209,-5.011301739,-5.011301739,-7.60090246,0.010666667,0.324666667,0.007391304,2.142433234,0,0
303,846,0.036384977,36.38497653,0.089834515,173.0781441,0,0.005938242,0.001187648,P3-P48,0,0.022274326,0.609,0,1,25,4,18.8,2,42.75,3.666666667,1.299282984,14.5,2.674148649,0.75,4,0,0.75,1,0,0,0.239904988,0.657957245,0.928975891,-5.126342102,-6.735780014,-7.60090246,0.027348395,0.258026159,0.017621145,2.531914894,0,0
304,866,0.014772727,14.77272727,0.078612717,160.5905707,0,0.011682243,0.014018692,P3-P50,0,0.05,0.609,0,2,32,3,22.6,2.8,46.75,5.333333333,1.673976434,14,2.63905733,0.75,2,1,0.5,1,0,1,0.481524249,0.43187067,0.858108776,-4.449685283,-4.267363726,-7.60090246,0.005780347,0.313294798,,2.358695652,0,1
305,939,0.038297872,38.29787234,0.114072495,227.1809211,0,0.001064963,0.003194888,P3-P48,1,0.021276596,0.609,0,1,25,4,20.6,2.2,37.33333333,4.5,1.504077397,7.333333333,1.992430165,0.666666667,4,1,0.333333333,1,0,0,0.474973376,0.448349308,0.896479576,-6.844815479,-5.746203191,-7.60090246,0.012793177,0.307036247,,2.450959488,0,1
306,808,0.03945746,39.45745993,0.08539604,246.2846252,0,0,0.001240695,P3-P46,0,0.030788177,0.609,0,2,55,3,19.4,2,45.33333333,6.333333333,1.84582669,19,2.944438979,1,2,0,0.333333333,1,0,1,0.311881188,0.580445545,0.85156909,-7.60090246,-6.692083743,-7.60090246,0.003712871,0.378712871,0.02739726,2.343320849,0,0
307,1160,0.0361135,36.11349957,0.090517241,229.1363636,0,0.002586207,0.000862069,P3-P41,1,0.012037833,0.609,0,1,12,3,22,2.4,42,3,1.098612289,13,2.564949357,0.4,2,0,0.6,1,0,0,0.442241379,0.49137931,0.864418901,-5.957562995,-7.056175284,-7.60090246,0.012068966,0.313793103,0.042310822,2.373626374,0,0
308,1038,0.028790787,28.79078695,0.149325626,134.1517857,0,0,0.000963391,P3-P41,0,0.007677543,0.609,0,1,14,4,20.6,2.4,40,2.333333333,0.84729786,14.75,2.691243083,0.75,2,0,0.75,1,0,1,0.442196532,0.478805395,0.877718457,-7.60090246,-6.945051064,-7.60090246,0.038535645,0.242774566,0.01588785,2.405405405,0,0
320,893,0.041111111,41.11111111,0.078387458,193.1766082,0,0.017917133,0.005599104,P3-P45,0,0.071111111,0.598,0,2,42,5,22.4,3,31,7,1.945910149,5,1.609437912,0.333333333,1,1,0.666666667,1,0,1,0.409854423,0.478163494,0.875468737,-4.021997859,-5.185148668,-7.60090246,0.011198208,0.362821948,0.014839242,2.4,0,0
321,1857,0.047517352,47.51735184,0.101293103,274.6946652,0,0.009803922,0.006535948,P3-P1,1,0.07367859,0.598,0,1,15,5,23,3,31.25,3,1.098612289,5.5,1.704748092,1,3,0,0.25,1,0,0,0.290791599,0.522347873,0.786721894,-4.624972813,-5.030437921,-7.60090246,0.013491635,0.527792768,,2.196185286,0,0
322,518,0.017307692,17.30769231,0.084942085,244.5160643,0,0.006802721,0.004535147,P3-P15,1,0.025,0.598,0,1,15,5,18.333333,2.666666,34,4,1.386294361,4.2,1.435084525,0.2,2,0,0.4,0,0,0,0.332046332,0.517374517,0.896127961,-4.990432587,-5.395897695,-7.60090246,0.017509728,0.387159533,0.012313105,2.450097847,0,0
323,2696,0.04501845,45.01845018,0.075723831,163.9389961,0,0.010401189,0.005572065,P3-P39,1,0.029520295,0.598,0,1,16,5,22,2.6,41.75,2,0.693147181,16.75,2.818398258,0.75,2,0,0,0,0,1,0.372213967,0.531946508,0.785548469,-4.565835181,-5.18998949,-7.60090246,0.004455997,0.471221686,,2.193609738,0,1
324,1118,0.023152271,23.1522707,0.055505819,201.5591296,0.00280112,0.036738351,0.010752688,P3-P40,0,0.059661621,0.598,0,3,30,5,20.8,1.8,37.5,3,1.098612289,11.5,2.442347035,1,1,1,0.25,1,0,1,0.33034915,0.493285586,0.784738115,-3.303934076,-4.532599493,-5.877735782,0.010733453,0.470483005,0.011332974,2.191832858,0,1
325,1252,0.058260176,58.26017558,0.116092874,175.8789916,0,0.025661588,0.009623095,P3-P28,1,0.077414206,0.598,0,1,31,5,18,1.4,34.5,4,1.386294361,6,1.791759469,0.25,3,0,0.25,0,0,0,0.286741214,0.532747604,0.873001,-3.662760043,-4.643589296,-7.60090246,0.019184652,0.278976819,0.007887818,2.394084732,0,1
326,1198,0.04662781,46.62781016,0.124477861,222.2382609,0,0.010860485,0.004177109,P3-P24,0,0.028309742,0.598,0,2,41,3,22.6,3.2,30.66666667,,,2.666666667,0.980829253,0,1,1,0.333333333,0,0,0,0.368113523,0.439899833,0.857215297,-4.522624348,-5.478135793,-7.60090246,0.001670844,0.360066834,,2.356589147,0,1
327,1328,0.033008252,33.00825206,0.071698113,212.4557557,0,0.008352316,0.00531511,P3-P2,1,0.112528132,0.598,0,2,28,5,23.6,3,45.8,8,2.079441542,9.2,2.219203484,0.4,3,1,0.4,0,0,1,0.323795181,0.417921687,0.832113187,-4.785216429,-5.237201553,-7.60090246,0.009870919,0.314350797,0.018796992,2.298170075,0,1
328,1498,0.028552457,28.55245684,0.081441923,256.3407049,0,0.01138647,0.003348962,P3-P51,1,0.051792829,0.598,0,1,50,5,22,2.6,29,1,0,3.666666667,1.299282984,1,1,1,0.333333333,1,0,1,0.343353373,0.456245825,0.889484518,-4.475329453,-5.699104885,-7.60090246,0.005416385,0.373053487,0.009005321,2.43387471,0,0
329,1205,0.042183623,42.18362283,0.123754153,144.8434477,0,0.02076412,0.009136213,P3-P2,0,0.071133168,0.598,0,2,25,5,17.4,2.2,36.5,4,1.386294361,17,2.833213344,0.5,4,1,0,0,1,0,0.272878536,0.484193012,0.787147281,-3.874528801,-4.695509353,-7.60090246,0.010016694,0.428213689,0.015274949,2.197119712,0,1
330,950,0.036420395,36.42039542,0.130526316,213.1328904,0,0.006322445,0.009483667,P3-P28,0,0.040582726,0.598,0,1,34,5,21.8,2.4,36,6.25,1.832581464,10,2.302585093,1,2,1,0,1,0,0,0.388421053,0.421052632,0.839676702,-5.063649329,-4.658184221,-7.60090246,0.00955414,0.487261146,0.022155086,2.315618221,0,0
331,737,0.039030956,39.03095559,0.069199457,187.1792717,0.023129252,,,P3-P16,0,0.025572005,0.598,0,2,40,3,19.2,1.6,39.16666667,,,8.083333333,2.089804329,0,3,1,0.333333333,0,0,1,,,,,,-3.766657155,0.027137042,0.310719132,0.025673941,,0,0
332,1468,0.044624746,44.62474645,0.09400545,175.3768217,0,0.023874488,0,P3-P23,0,0.043272481,0.598,0,1,27,5,17.4,1,34.8,5,1.609437912,10.2,2.32238772,0.4,2,1,0.6,0,0,1,0.256987048,0.541240627,0.890990619,-3.734944821,-7.60090246,-7.60090246,0.040245566,0.077080491,0.022236341,2.437543133,0,0
333,1915,0.034805195,34.80519481,0.065865133,204.5549009,0,0.00522466,0.003657262,P3-P24,1,0.019220779,0.598,0,2,48,4,21.6,2.2,37,8,2.079441542,7,1.945910149,0.666666667,1,1,0.333333333,0,0,1,0.265274151,0.463707572,0.762448646,-5.254365479,-5.611040423,-7.60090246,0.005750131,0.427600627,0.011673152,2.143518519,0,1
350,696,0.02722063,27.22063037,0.063218391,192.8404605,0.020766773,0.033189033,0.038961039,P3-P42,1,0.141833811,0.667,0,3,36,7,25,3.8,38,4.666666667,1.540445041,8.430555556,2.131862672,0.5,2,1,0.333333333,0,0,1,0.272988506,0.534482759,0.797060368,-3.405535783,-3.245193133,-3.874401014,0.00877193,0.479532164,0.007368421,2.219008264,0,0
351,1258,0.034018987,34.01898734,0.073131955,220.528992,0,0.012773723,0.005474453,P3-P52,0,0.075158228,0.667,0,1,30,3,22.2,2.4,36.4,2,0.693147181,12,2.48490665,0.6,3,1,0.2,0,1,0,0.275834658,0.515898251,0.728678609,-4.360365138,-5.207662998,-7.60090246,0.007993605,0.480415667,0.010514665,2.072340426,0,0
352,1112,0.029596413,29.59641256,0.074640288,162.9205176,0,0.008166969,0.004537205,P3-P43,0,0.051121076,0.667,0,1,15,4,21,2.6,38,3,1.098612289,6.25,1.832581464,0.5,4,0,1,0,0,1,0.336330935,0.556654676,0.789120106,-4.807657412,-5.395444077,-7.60090246,0.019073569,0.460490463,,2.201458523,0,0
353,1173,0.01779661,17.79661017,0.069053708,187.5509499,0.011082694,0.0221843,0,P3-P42,0,0.013559322,0.667,0,3,22,6,20.4,2.6,34.33333333,2,0.693147181,6.166666667,1.819158443,0.5,1,1,0.5,1,0,1,0.302901024,0.433447099,0.747649279,-3.808370432,-7.60090246,-4.502370491,0.010230179,0.554134697,0.011142061,2.112029385,0,0
355,1075,0.047309833,47.30983302,0.113488372,250.8456376,0,0.004655493,0.004655493,P3-P43,1,0.047309833,0.667,0,1,10,3,19.8,2,34,6,1.791759469,7,1.945910149,0.25,2,1,0,0,1,1,0.165735568,0.337988827,0.82435887,-5.369707363,-5.369707363,-7.60090246,0.014097744,0.433270677,,2.280418251,0,0
356,1399,0.019271949,19.27194861,0.046494993,337.3481255,0,0.002147459,0,P3-P52,1,0.032097004,0.667,0,1,30,4,23.2,2.2,49.33333333,2,0.693147181,20.33333333,3.012261576,1,4,0,0.333333333,0,1,0,0.298784846,0.548963545,0.753771802,-6.143470071,-7.60090246,-7.60090246,0.009325681,0.395982783,0.019540791,2.125,0,0
400,1374,0.043227666,43.22766571,0.104303428,232.0979653,0,0.021994135,0.005131965,P3-P5,0,0.027357811,0.627,0,2,22,3,21,2.4,28.83333333,4,1.386294361,4.333333333,1.466337069,0.666666667,1,1,0.5,1,0,0,0.319505095,0.525473071,0.814668538,-3.816979457,-5.272266689,-7.60090246,0.042709867,0.22017673,0.012683578,2.258426966,0,1
401,1234,0.047542305,47.54230459,0.068126521,241.5696316,0,0.039837398,0.001626016,P3-P16,1,0.132151491,0.627,0,2,40,3,20.8,2.4,30.4,4,1.386294361,4.2,1.435084525,0.4,1,0,0.4,1,0,1,0.238249595,0.54376013,0.818946845,-3.22294915,-6.421622268,-7.60090246,0.019448947,0.305510535,0.028011204,2.268109908,0,1
402,966,0.057613169,57.61316872,0.102590674,197.6823658,0,0.044513458,0.011387164,P3-P46,1,0.070987654,0.627,0,2,50,3,23,2.6,35.14285714,2.666666667,0.980829253,5,1.609437912,0.428571429,2,1,0.428571429,1,0,1,0.347826087,0.50621118,0.821717807,-3.111963719,-4.475268561,-7.60090246,0.013499481,0.40290758,0.022857143,2.274403471,0,0
403,975,0.056795132,56.79513185,0.083162218,245.3390011,0.002114165,0.022564103,0.01025641,P3-P6,0,0.048681542,0.627,0,3,30,4,21,2.6,36.4,5,1.609437912,11.2,2.415913778,0.6,1,0,0.8,1,0,1,0.265641026,0.413333333,0.777247347,-3.791395018,-4.579852378,-6.159095388,0.023638232,0.418293936,0.031028369,2.175475687,0,1
404,1219,0.043019481,43.01948052,0.094417077,236.3295154,0,0.019827586,0.01637931,P3-P27,0,0.085158151,0.627,0,1,40,5,18.6,1.6,32,1,0,2.6,0.955511445,0.4,1,0,0.8,1,0,0,0.303527482,0.490566038,0.83278618,-3.920681068,-4.111736305,-7.60090246,0.044517725,0.347897774,0.017263427,2.299717248,0,1
405,1168,0.077446809,77.44680851,0.113869863,129.3585903,0.003439381,0.018010292,0.002572899,P3-P6,1,0.014455782,0.627,0,3,27,4,21.2,2.6,36.42857143,6.666666667,1.897119985,6.714285714,1.904237453,0.428571429,1,1,0.285714286,0,0,1,0.463184932,0.304794521,0.885583504,-4.016811929,-5.962722078,-5.672463791,0.042024014,0.301886792,0.029296875,2.424398625,0,0
410,1704,0.047120419,47.12041885,0.116921269,63.46740548,0,0.046153846,0.008284024,P3-P47,1,0.10762071,0.562,0,1,24,3,21,3.2,33,5,1.609437912,11.5,2.442347035,0.75,2,0,0.25,1,0,1,0.307511737,0.552230047,,-3.075774981,-4.793426478,-7.60090246,0.005882353,0.231176471,0.01488445,,0,1
411,1343,0.045084996,45.0849963,0.110530246,200.697615,0,0.049143708,0.002233805,P3-P14,1,0.093865484,0.562,0,2,65,4,23.2,2.6,40.4,1,0,12.11666667,2.494581915,0.4,2,0,0.2,1,0,0,0.217423678,0.638123604,0.85343384,-3.013006454,-6.104048908,-7.60090246,0.025449102,0.321856287,0.037082818,2.347694633,0,1
412,1450,0.043656207,43.65620737,0.117484451,240.1558538,0,0.015172414,0.002068966,P3-P38,0,0.074351978,0.562,0,2,30,7,21.4,2.2,33,5.75,1.749199855,6.833333333,1.921812597,0.8,1,1,0.2,1,0,0,0.279310345,0.451034483,0.777179998,-4.188276382,-6.180706547,-7.60090246,0.015961138,0.382373352,0.025404157,2.175329175,0,1
413,835,0.028639618,28.63961814,0.081437126,212.6437995,0,0.032335329,0.005988024,P3-P15,0,0.139618138,0.562,0,1,22,5,22.2,3.2,36.25,,,10,2.302585093,0,2,1,0.5,1,0,0,0.25988024,0.560479042,0.824634001,-3.431594859,-5.117993812,-7.60090246,0.006157635,0.290640394,0.007027407,2.281045752,0,0
414,1201,0.033085194,33.08519438,0.080766028,243.7370766,0,0.025201613,0.003024194,P3-P5,1,0.042183623,0.562,0,2,30,3,24,3.8,41,2,0.693147181,16.75,2.818398258,0.75,2,0,0.5,1,0,0,0.212323064,0.470441299,0.875322656,-3.680847282,-5.801110819,-7.60090246,0.064113239,0.334721066,0.026117237,2.39964943,0,0
415,1539,0.040723982,40.7239819,0.104098894,135.8898551,0,0.046314416,0.028049576,P3-P27,1,0.095022624,0.562,0,1,19,4,24.2,3.4,34,4.333333333,1.466337069,10.375,2.339399066,0.75,2,1,0.25,1,0,0,0.285714286,0.501630789,0.924464578,-3.072302002,-3.573781763,-7.60090246,0.024041585,0.303443795,0.006944444,2.520518359,0,1
420,1632,0.031668697,31.66869671,0.15398773,330.1639344,0,0.002452483,0.001226242,P3-P14,0,0.048112058,0.594,0,2,60,3,16.6,2.2,44,3,1.098612289,13,2.564949357,0.333333333,2,0,0.666666667,0,1,1,0.322501533,0.511342735,1.137576889,-6.010654242,-6.703801422,-7.60090246,0.01044226,0.384520885,0.013852814,3.119201031,0,1
421,1851,0.066416711,66.4167113,0.096320346,155.8679131,0,0.022813688,0.004888647,P3-P47,0,0.089983931,0.594,0,1,22,4,20.4,3.2,35.66666667,2,0.693147181,6.166666667,1.819158443,0.333333333,1,0,0.666666667,1,0,0,0.186925986,0.482441923,0.762765101,-3.780394563,-5.320839604,-7.60090246,0.005411255,0.403679654,0.012863268,2.144196952,0,1
422,1213,0.047658176,47.65817584,0.111294312,227.7666963,0,0.034624897,0.006595218,P3-P38,1,0.05505341,0.594,0,2,30,6,21.6,3,34.25,3,1.098612289,5,1.609437912,0.25,1,1,0.75,0,0,1,0.239076669,0.676009893,0.799369394,-3.363182291,-5.021410367,-7.60090246,0.007431874,0.511973576,0.017804154,2.224137931,0,0
423,846,0.044496487,44.49648712,0.086595492,230.5238693,0,0.024822695,0.010638298,P3-P45,1,0.055035129,0.594,0,2,60,6,19.4,2.2,44.28571429,3,1.098612289,14,2.63905733,0.428571429,1,1,0.285714286,1,0,0,0.361702128,0.557919622,0.798626032,-3.695996922,-4.543294782,-7.60090246,0.020094563,0.394799054,0.0203125,2.222485207,0,1
424,1907,0.054945055,54.94505495,0.088807147,125.0383315,0,0.05715784,0.018877819,P3-P39,0,0.100470958,0.594,0,1,18,4,20.8,2.8,42.75,3,1.098612289,17.5,2.862200881,0.25,1,0,0.75,1,0,0,0.239643419,0.551651809,0.81637582,-2.861938723,-3.969767667,-7.60090246,0.005771249,0.492654774,0.009878904,2.26228603,0,1
425,1644,0.051932367,51.93236715,0.095790116,143.6309751,0,0.016443362,0.004872107,P3-P51,0,0.077898551,0.594,0,1,32,4,22.2,3.8,31.5,3.5,1.252762968,5.75,1.749199855,0.5,2,0,0.25,1,0,1,0.378345499,0.5,0.768251124,-4.107833424,-5.324228748,-7.60090246,0.006097561,0.357317073,0.019043401,2.155992391,0,1
426,1424,0.025087108,25.08710801,0.081460674,108.4363767,0.008438819,0.02247191,0.000702247,P3-P40,1,0.005574913,0.594,0,3,20,5,24.4,3.6,44.6,,,16,2.772588722,0,2,0,0.8,1,0,1,0.345505618,0.492275281,0.776964088,-3.795489189,-7.261225092,-4.774912961,0.007032349,0.461322082,0.010677809,2.174859551,0,0
427,1013,0.047151277,47.15127701,0.119683482,209.7036224,0,0.043435341,0.001974334,P3-P1,0,0.106967615,0.594,0,1,15,6,20.6,3.4,42.75,,,17.5,2.862200881,0,2,0,0.5,0,1,1,0.194471866,0.586377098,0.80018197,-3.13648187,-6.227524324,-7.60090246,0.007928642,0.340931615,0.019180471,2.225945946,0,1
428,935,0.024546425,24.54642476,0.091103966,214.1345733,0,0.010706638,0.001070664,P3-P23,1,0.022411953,0.594,0,1,23,4,20.6,3.6,30.28571429,3,1.098612289,3.857142857,1.349926717,0.142857143,2,1,0.714285714,1,0,0,0.247058824,0.47486631,0.84888039,-4.536891345,-6.839476438,-7.60090246,0.005347594,0.365775401,0.008609272,2.337028825,0,1
520,1821,0.059368192,59.36819172,0.119559229,156.4126801,0,0.013194063,0.008796042,P3-P30,1,0.078976035,0.556,1,2,45,6,22.2,2.8,34.33333333,7,1.945910149,11,2.397895273,1,1,0,0.666666667,1,0,1,0.226249314,0.605711148,0.848946665,-4.327988348,-4.733453456,-7.60090246,0.00989011,0.301648352,0.012993039,2.337183718,0,1
521,1893,0.086477987,86.47798742,0.066701959,138.0643651,0,0.06504495,0.13802221,P3-P31,0,0.129979036,0.556,1,2,30,4,22.8,3,35.2,7,1.945910149,11.8,2.468099531,0.8,1,1,0,0,0,1,0.393763214,0.325581395,0.83777875,-2.732676713,-1.980340661,-7.60090246,0.010036978,0.557844691,0.025699862,2.311227458,0,1
522,1391,0.054208274,54.20827389,0.076978417,210.819305,0,0.024871982,0.00658376,P3-P21,1,0.097717546,0.556,1,2,18,4,23,3.2,31,3.25,1.178654996,7.25,1.981001469,1,1,1,0.75,0,0,1,0.187634795,0.686556434,0.824505447,-3.694013312,-5.023149259,-7.60090246,0.004319654,0.429805616,0.0185,2.280752533,0,1
523,1299,0.045349731,45.34973098,0.119414484,186.7939984,0,0.008468052,0.007698229,P3-P30,0,0.024596464,0.556,1,2,42,7,20.2,2.6,43.2,9.25,2.224623552,20,2.995732274,0.8,1,0,0.4,1,0,1,0.374133949,0.234026174,1.116469906,-4.771454744,-4.866764924,-7.60090246,0.010007698,0.384141647,0.013975904,3.054054054,0,1
524,1718,0.046712803,46.71280277,0.092765461,176.8451807,0.00059952,0.02970297,0.011065812,P3-P11,0,0.038062284,0.556,1,3,20,3,23.2,3.2,29,3,1.098612289,6.4,1.85629799,0.8,1,1,0.5,0,0,1,0.324214203,0.425494761,0.896502441,-3.516508228,-4.503894882,-7.419380583,0.013969732,0.365541327,0.011754069,2.451015532,0,1
540,1433,0.031944444,31.94444444,0.096368715,235.5968436,0,0.032100488,0.035589672,P3-P8,1,0.020833333,0.521,1,3,4,7,22.6,2.8,28,5,1.609437912,6.25,1.832581464,0.25,1,0,0.25,1,0,1,0.189811584,0.671318911,0.994728017,-3.438884031,-3.335699795,-7.60090246,0.033542977,0.316561845,0.017694641,2.703988803,0,1
541,1048,0.02756654,27.56653992,0.097421203,173.719246,0,0.029580153,0.047709924,P3-P18,0,0.040874525,0.521,1,2,25,6,20.6,3,27.75,3,1.098612289,6.75,1.909542505,0.75,1,1,0.5,1,0,0,0.401717557,0.474236641,1.091910492,-3.52065166,-3.042615859,-7.60090246,0.019083969,0.267175573,0.008960573,2.979961832,0,1
550,1038,0.035508637,35.50863724,0.102217936,313.802645,0.007113821,0.036027264,0.013631938,P3-P9,1,0.06232023,0.64,1,3,20,4,25.4,4,41.25,13,2.564949357,16,2.772588722,0.75,1,0,0.5,0,0,1,0.27938343,0.46628131,1.227567014,-3.323479297,-4.29533988,-4.945715748,0.028901734,0.449903661,0.003984064,3.412915851,0,1
551,914,0.04989154,49.89154013,0.112938596,112.28722,0,0.077094972,0.49273743,P3-P4,0,0.323210412,0.64,1,1,18,3,21.2,3.6,36.33333333,6,1.791759469,11,2.397895273,1,1,1,0.666666667,0,0,1,0.237417943,0.504376368,1.001067635,-2.562717214,-0.707778843,-7.60090246,0.035087719,0.412280702,0.003558719,2.72118551,0,1
552,1727,0.03159104,31.59103963,0.133835458,334.0340426,0.030156815,0.038327526,0.011614402,P3-P8,0,0.055140724,0.64,1,3,25,6,23,3.2,38.33333333,6.333333333,1.84582669,14.66666667,2.685577345,1,1,1,0.166666667,0,0,1,0.295309786,0.517081644,0.845954,-3.261586943,-4.455509411,-3.50134433,0.022003474,0.462072959,0.017666202,2.330199765,0,1
553,1023,0.040816327,40.81632653,0.09295499,202.8066095,0,0.102564103,0.034516765,P3-P17,1,0.260447036,0.64,1,1,23,3,22,4,35.33333333,5.5,1.704748092,8.5,2.140066163,1,3,0,0.333333333,1,0,1,0.248289345,0.377321603,0.917623177,-2.277267285,-3.366310123,-7.60090246,0.024485798,0.471106758,0.006960557,2.503333333,0,1
560,1604,0.045934202,45.93420236,0.150343107,242.8679115,0,0.049875312,0.001870324,P3-P17,0,0.097273854,0.479,0,1,25,3,18.6,1.4,30,,,7.5,2.014903021,0,3,1,0.6,1,0,1,0.097256858,0.613466334,1.035805516,-2.998229154,-6.2816435,-7.60090246,0.029320025,0.246412976,0.032104637,2.817374762,0,1
561,1300,0.054919908,54.91990847,0.114703618,248.1840336,0,0.063846154,0.013076923,P3-P4,1,0.102974828,0.479,0,1,22,4,19.8,2,39.5,5,1.609437912,12.25,2.505525937,0.5,2,0,0.5,1,0,1,0.228461538,0.593076923,1.125969618,-2.751278936,-4.336906199,-7.60090246,0.1,0.232307692,0.032208589,3.083204931,0,1
573,1479,0.044265594,44.26559356,0.087457627,162.1689751,0.00275989,0.125253893,0.074475288,P3-P9,0,0.285714286,0.587,1,3,24,4,23.4,3,35.5,7,1.945910149,8.5,2.140066163,0.25,1,1,0.5,0,0,1,0.246788371,0.511156187,0.942362972,-2.077412457,-2.597287917,-5.892564598,0.019647696,0.386856369,0.015637217,2.566037736,0,1
574,876,0.0789177,78.91770011,0.082285714,138.9524648,0,0.081339713,0.142344498,P3-P18,1,0.343855693,0.587,1,2,35,7,16.8,2.8,43.66666667,10.33333333,2.335374916,16,2.772588722,1,1,1,0.666666667,1,0,0,0.178082192,0.700913242,1.136824138,-2.509120908,-1.94950512,-7.60090246,0.091428571,0.252571429,0.027923211,3.116853933,0,1
600,1356,0.053558327,53.55832722,0.105535055,132.7257552,0,0.01402214,0.00295203,P3-P10,0,0.030791789,0.612,1,1,27,3,21.6,2.4,46.14285714,3,1.098612289,14.71428571,2.688818839,0.428571429,2,1,0,0,0,0,0.235988201,0.418141593,0.868746973,-4.267117754,-5.825262372,-7.60090246,0.011808118,0.421402214,0.025995575,2.383921863,0,1
601,1161,0.02058319,20.58319039,0.079242033,163.6875,0,0.002671416,0,P3-P19,0,0.040308748,0.612,1,2,25,6,23.2,2.4,56.75,,,27.5,3.314186005,0,2,0,0.25,0,0,1,0.359173127,0.460809647,0.855862426,-5.925146666,-7.60090246,-7.60090246,0.011197244,0.348837209,0.009493671,2.353403141,0,0
603,1403,0.031937544,31.93754436,0.090714286,148.7060185,0,0.036849711,0.037572254,P3-P21,0,0.169623847,0.612,1,2,16,4,22.6,2.2,38,6,1.791759469,12,2.48490665,0.571428571,2,1,0.285714286,1,0,0,0.294369209,0.45188881,0.872080229,-3.300907503,-3.281489418,-7.60090246,0.003062787,0.442572741,0.017486783,2.391881343,0,1
604,1480,0.037583893,37.58389262,0.078378378,121.5310345,0.008849558,0.014189189,0.327027027,P3-P26,1,0.012080537,0.612,1,2,25,4,20,1.6,36.22222222,6.5,1.871802177,9.555555556,2.257122719,0.222222222,2,1,0.222222222,1,0,1,0.327702703,0.413513514,0.825869873,-4.255274929,-1.11771246,-4.727387819,0.00811908,0.50270636,0.020666667,2.283866576,0,0
605,860,0.034802784,34.80278422,0.097674419,201.7312207,0.00117096,0.019790454,0.006984866,P3-P11,1,0.088167053,0.612,1,3,40,3,23,3,34.57142857,4,1.386294361,8.142857143,2.097141119,0.142857143,1,1,0.428571429,1,0,1,0.26744186,0.470930233,0.90875064,-3.922555578,-4.964009453,-6.749931194,0.01744186,0.339534884,0.018743109,2.481220657,0,0
606,1254,0.03343949,33.43949045,0.109250399,156.4627249,0,0.024720893,0.011961722,P3-P10,1,0.052547771,0.612,1,1,32,3,21.8,2.4,31.66666667,1,0,8.333333333,2.120263536,0.166666667,2,1,0.333333333,1,0,0,0.26953748,0.38676236,0.839750655,-3.700106517,-4.42604352,-7.60090246,0.005799503,0.48053024,0.013556619,2.315789474,0,0
607,1487,0.030140656,30.1406564,0.101752022,208.2682759,0,0.012777404,0.00403497,P3-P22,0,0.036168788,0.612,1,1,27,5,22.4,2.6,36.4,3,1.098612289,8,2.079441542,0.2,2,0,0.4,0,0,0,0.196368527,0.54270343,0.635988767,-4.360076967,-5.512756477,-7.60090246,0.015467384,0.557498319,0.013850416,1.888888889,0,1
610,1276,0.041245136,41.24513619,0.119309262,229.5633188,0.000826446,0.0264,0.0136,P3-P29,1,0.102723735,0.557,1,2,25,5,21.2,2.6,39,1.25,0.223143551,10.16666667,2.319114395,0.666666667,1,0,0,1,0,0,0.224137931,0.525862069,0.899885716,-3.634391269,-4.297685486,-7.098375639,0.019592476,0.420846395,,2.459322034,0,1
611,1209,0.040462428,40.46242775,0.106876553,190.8874887,0,0.044701987,0.008278146,P3-P12,1,0.084158416,0.557,1,2,15,4,21.2,2.2,45.33333333,15,2.708050201,18.33333333,2.908720897,0.166666667,2,1,0.166666667,1,0,0,0.273779983,0.381306865,0.846299233,-3.107737332,-4.794136286,-7.60090246,0.014888337,0.443341605,0.036107711,2.331004367,0,1
612,1694,0.041447752,41.44775248,0.083234947,220.1623985,0,0.06261075,0.044300059,P3-P13,0,0.099824869,0.557,1,3,25,3,22,2.2,31.57142857,2,0.693147181,4.571428571,1.519825754,0.142857143,1,1,0.428571429,1,0,1,0.244391972,0.451593861,0.773290174,-2.770818288,-3.116769269,-7.60090246,0.020070838,0.420306966,0.015597148,2.166883963,0,0
630,1523,0.045484081,45.48408057,0.079448457,219.9755932,0,0.068942876,0.0558109,P3-P31,1,0.003896104,0.592,1,2,26,3,22.2,2.4,44.5,3,1.098612289,8.75,2.1690537,0.5,2,0,0.25,1,0,1,0.299409061,0.50558109,0.83244893,-2.674477003,-2.885786096,-7.60090246,0.013175231,0.350461133,0.02530541,2.298941799,0,0
631,637,0.05625,56.25,0.08044164,210.5996344,0,0.058267717,0.039370079,P3-P26,0,0.125,0.592,1,2,22,4,20,2,28.8,,,2.6,0.955511445,0,2,0,0.2,1,0,1,0.266141732,0.503937008,0.846291318,-2.842707086,-3.234749174,-7.60090246,0.011023622,0.396850394,0.027624309,2.330985915,0,1
632,1258,0.042721519,42.72151899,0.090620032,211.3668801,0,0.057233704,0.021462639,P3-P12,0,0.131329114,0.592,1,2,10,5,20.6,1.8,38.375,2.571428571,0.944461609,15.125,2.716349004,0.875,2,1,0.625,1,0,0,0.356120827,0.460254372,0.841078382,-2.860612318,-3.841441571,-7.60090246,0.003184713,0.542993631,0.009641873,2.318866253,0,0
633,1341,0.074183976,74.18397626,0.126865672,120.0584112,0.000750188,0.196122297,0.41163311,P3-P13,1,0.028189911,0.592,1,3,35,3,21.6,2.4,34,6,1.791759469,5.571428571,1.717651497,0.142857143,1,0,0.428571429,0,0,1,0.249813572,0.542878449,0.813843365,-1.629016851,-0.887622837,-7.19518732,0.016430172,0.497386109,0.041525833,2.256564141,0,1
640,1118,0.029490617,29.49061662,0.09042077,123.2039604,0,0.017953321,0.016157989,P3-P19,1,0.100089366,0.569,1,2,23,7,23.4,3.6,33.33333333,7,1.945910149,6.666666667,1.897119985,0.333333333,1,0,0.333333333,0,0,1,0.282647585,0.582289803,0.773411544,-4.019980147,-4.125340663,-7.60090246,0.010781671,0.542677448,0.0225,2.167146974,0,1
641,1533,0.037613489,37.61348898,0.111038537,155.7194149,0,0.043733681,0.009138381,P3-P29,0,0.040856031,0.569,1,2,25,5,21.6,3.4,34.2,6.666666667,1.897119985,6.2,1.824549292,0.6,1,0,0.2,1,0,1,0.296151337,0.349641226,0.851725773,-3.129636731,-4.695272021,-7.60090246,0.007175473,0.473581213,0.009180328,2.343688037,0,1
642,1083,0.033851784,33.85178408,0.079409049,138.9741131,0,0.042474608,0.012927054,P3-P22,1,0.057639524,0.569,1,1,65,4,24.4,3.8,37.16666667,3,1.098612289,14.16666667,2.650891787,0.333333333,2,0,0.666666667,0,1,0,0.24099723,0.479224377,,-3.158848851,-4.348432917,-7.60090246,0.007386888,0.409972299,0.016499705,,0,0
